Project,License,Type,Npm Depth
asn1,https://npmjs.org/package/asn1,NPM Package,
assert-plus,MIT,NPM Package,
async,MIT,NPM Package,
aws-sign,Apache 2.0,NPM Package,
bindings,MIT,NPM Package,
boom,BSD,NPM Package,
coffee-script,MIT,NPM Package,Top Level
combined-stream,MIT,NPM Package,
contextify,MIT,NPM Package,
cookie-jar,Apache 2.0,NPM Package,
cryptiles,BSD,NPM Package,
cssom,MIT,NPM Package,
cssstyle,MIT,NPM Package,
ctype,https://npmjs.org/package/ctype,NPM Package,
delayed-stream,https://npmjs.org/package/delayed-stream,NPM Package,
forever-agent,Apache 2.0,NPM Package,
form-data,MIT,NPM Package,
hawk,BSD,NPM Package,
hoek,BSD,NPM Package,
htmlparser,MIT,NPM Package,
http-signature,https://npmjs.org/package/http-signature,NPM Package,
jquery,MIT,NPM Package,Top Level
jsdom,MIT,NPM Package,
json-stringify-safe,BSD,NPM Package,
location,https://npmjs.org/package/location,NPM Package,
mime,https://npmjs.org/package/mime,NPM Package,
navigator,https://npmjs.org/package/navigator,NPM Package,
node-uuid,https://npmjs.org/package/node-uuid,NPM Package,
oauth-sign,Apache 2.0,NPM Package,
optimist,MIT/X11,NPM Package,Top Level
qs,MIT,NPM Package,
request,Apache 2.0,NPM Package,
sntp,BSD,NPM Package,
tunnel-agent,Apache 2.0,NPM Package,
wordwrap,MIT/X11,NPM Package,
xmlhttprequest,MIT,NPM Package,